scenario,school_floor,homes_floor,critical,school,homes
Typical year,0.1,0.1,1.0,0.9999008428358949,0.9981559769698434
Typical year,0.1,0.15,1.0,1.0,0.9975520392962113
Typical year,0.1,0.2,1.0,1.0,0.9968917341063736
Typical year,0.1,0.25,1.0,1.0,0.9958046462938358
Typical year,0.1,0.3,1.0,1.0,0.9839513628860168
Typical year,0.1,0.35,1.0,1.0,0.952586866368724
Typical year,0.1,0.4,1.0,1.0,0.9005354914039537
Typical year,0.1,0.45,1.0,1.0,0.9037403873253613
Typical year,0.1,0.5,1.0,1.0,0.8529210452148005
Typical year,0.1,0.55,1.0,1.0,0.8567942988283609
Typical year,0.1,0.6,1.0,1.0,0.8096710552804284
Typical year,0.15,0.15,1.0,0.9999008428358949,0.9975600917985263
Typical year,0.15,0.2,1.0,1.0,0.9968917341063736
Typical year,0.15,0.25,1.0,1.0,0.9958046462938358
Typical year,0.15,0.3,1.0,1.0,0.9839513628860168
Typical year,0.15,0.35,1.0,1.0,0.952586866368724
Typical year,0.15,0.4,1.0,1.0,0.9005354914039537
Typical year,0.15,0.45,1.0,1.0,0.9037403873253613
Typical year,0.15,0.5,1.0,1.0,0.8529210452148005
Typical year,0.15,0.55,1.0,1.0,0.8567942988283609
Typical year,0.15,0.6,1.0,1.0,0.8096710552804284
Typical year,0.2,0.2,1.0,0.9996033713435796,0.9969078391110038
Typical year,0.2,0.25,1.0,1.0,0.9958046462938358
Typical year,0.2,0.3,1.0,1.0,0.9839513628860168
Typical year,0.2,0.35,1.0,1.0,0.952586866368724
Typical year,0.2,0.4,1.0,1.0,0.9005354914039537
Typical year,0.2,0.45,1.0,1.0,0.9037403873253613
Typical year,0.2,0.5,1.0,1.0,0.8529210452148005
Typical year,0.2,0.55,1.0,1.0,0.8567942988283609
Typical year,0.2,0.6,1.0,1.0,0.8096710552804284
Typical year,0.25,0.25,1.0,0.9995042141794744,0.9958288038007811
Typical year,0.25,0.3,1.0,1.0,0.9839513628860168
Typical year,0.25,0.35,1.0,1.0,0.952586866368724
Typical year,0.25,0.4,1.0,1.0,0.9005354914039537
Typical year,0.25,0.45,1.0,1.0,0.9037403873253613
Typical year,0.25,0.5,1.0,1.0,0.8529210452148005
Typical year,0.25,0.55,1.0,1.0,0.8567942988283609
Typical year,0.25,0.6,1.0,1.0,0.8096710552804284
Typical year,0.3,0.3,1.0,0.9996529499256321,0.9839835728952772
Typical year,0.3,0.35,1.0,1.0,0.952586866368724
Typical year,0.3,0.4,1.0,1.0,0.9005354914039537
Typical year,0.3,0.45,1.0,1.0,0.9037403873253613
Typical year,0.3,0.5,1.0,1.0,0.8529210452148005
Typical year,0.3,0.55,1.0,1.0,0.8567942988283609
Typical year,0.3,0.6,1.0,1.0,0.8096710552804284
Typical year,0.35,0.35,1.0,0.999553792761527,0.9526110238756693
Typical year,0.35,0.4,1.0,0.9999504214179474,0.9005274389016387
Typical year,0.35,0.45,1.0,1.0,0.9037403873253613
Typical year,0.35,0.5,1.0,1.0,0.8529210452148005
Typical year,0.35,0.55,1.0,1.0,0.8567942988283609
Typical year,0.35,0.6,1.0,1.0,0.8096710552804284
Typical year,0.4,0.4,1.0,0.9993554784333168,0.900551596408584
Typical year,0.4,0.45,1.0,0.9999504214179474,0.9037484398276765
Typical year,0.4,0.5,1.0,1.0,0.8529210452148005
Typical year,0.4,0.55,1.0,1.0,0.8567942988283609
Typical year,0.4,0.6,1.0,1.0,0.8096710552804284
Typical year,0.45,0.45,1.0,0.9994546355974219,0.9037645448323066
Typical year,0.45,0.5,1.0,1.0,0.8529210452148005
Typical year,0.45,0.55,1.0,1.0,0.8567942988283609
Typical year,0.45,0.6,1.0,1.0,0.8096710552804284
Typical year,0.5,0.5,1.0,0.9995042141794744,0.8529290977171156
Typical year,0.5,0.55,1.0,1.0,0.8567942988283609
Typical year,0.5,0.6,1.0,1.0,0.8096710552804284
Typical year,0.55,0.55,1.0,0.9996529499256321,0.8568104038329911
Typical year,0.55,0.6,1.0,1.0,0.8096710552804284
Typical year,0.6,0.6,1.0,0.999553792761527,0.8096952127873737
Stress year,0.1,0.1,0.9998688113164499,0.9993554784333168,0.8151064943431171
Stress year,0.1,0.15,0.9999486652977413,1.0,0.8332165720497645
Stress year,0.1,0.2,1.0,1.0,0.8166364697829851
Stress year,0.1,0.25,1.0,1.0,0.7961186938841245
Stress year,0.1,0.3,1.0,1.0,0.7654386600636147
Stress year,0.1,0.35,1.0,1.0,0.7887909167773886
Stress year,0.1,0.4,1.0,1.0,0.7722430245198696
Stress year,0.1,0.45,1.0,1.0,0.749849015581592
Stress year,0.1,0.5,1.0,1.0,0.7162378709183879
Stress year,0.1,0.55,1.0,1.0,0.7188146716592181
Stress year,0.1,0.6,1.0,1.0,0.7203607521037162
Stress year,0.15,0.15,1.0,0.9994546355974219,0.8332246245520796
Stress year,0.15,0.2,1.0,0.9999008428358949,0.8166445222853002
Stress year,0.15,0.25,1.0,1.0,0.7961186938841245
Stress year,0.15,0.3,1.0,1.0,0.7654386600636147
Stress year,0.15,0.35,1.0,1.0,0.7887909167773886
Stress year,0.15,0.4,1.0,1.0,0.7722430245198696
Stress year,0.15,0.45,1.0,1.0,0.749849015581592
Stress year,0.15,0.5,1.0,1.0,0.7162378709183879
Stress year,0.15,0.55,1.0,1.0,0.7188146716592181
Stress year,0.15,0.6,1.0,1.0,0.7203607521037162
Stress year,0.2,0.2,1.0,0.9994050570153694,0.8166606272899304
Stress year,0.2,0.25,1.0,0.9998512642538423,0.7961267463864395
Stress year,0.2,0.3,1.0,1.0,0.7654386600636147
Stress year,0.2,0.35,1.0,1.0,0.7887909167773886
Stress year,0.2,0.4,1.0,1.0,0.7722430245198696
Stress year,0.2,0.45,1.0,1.0,0.749849015581592
Stress year,0.2,0.5,1.0,1.0,0.7162378709183879
Stress year,0.2,0.55,1.0,1.0,0.7188146716592181
Stress year,0.2,0.6,1.0,1.0,0.7203607521037162
Stress year,0.25,0.25,1.0,0.9993554784333168,0.7961347988887547
Stress year,0.25,0.3,1.0,0.9999504214179474,0.7654467125659299
Stress year,0.25,0.35,1.0,1.0,0.7887909167773886
Stress year,0.25,0.4,1.0,1.0,0.7722430245198696
Stress year,0.25,0.45,1.0,1.0,0.749849015581592
Stress year,0.25,0.5,1.0,1.0,0.7162378709183879
Stress year,0.25,0.55,1.0,1.0,0.7188146716592181
Stress year,0.25,0.6,1.0,1.0,0.7203607521037162
Stress year,0.3,0.3,1.0,0.9994050570153694,0.765454765068245
Stress year,0.3,0.35,1.0,0.9999008428358949,0.7887989692797037
Stress year,0.3,0.4,1.0,1.0,0.7722430245198696
Stress year,0.3,0.45,1.0,1.0,0.749849015581592
Stress year,0.3,0.5,1.0,1.0,0.7162378709183879
Stress year,0.3,0.55,1.0,1.0,0.7188146716592181
Stress year,0.3,0.6,1.0,1.0,0.7203607521037162
Stress year,0.35,0.35,1.0,0.9996033713435796,0.7888070217820188
Stress year,0.35,0.4,1.0,0.9999504214179474,0.7722591295244997
Stress year,0.35,0.45,1.0,1.0,0.749849015581592
Stress year,0.35,0.5,1.0,1.0,0.7162378709183879
Stress year,0.35,0.55,1.0,1.0,0.7188146716592181
Stress year,0.35,0.6,1.0,1.0,0.7203607521037162
Stress year,0.4,0.4,1.0,0.9994546355974219,0.7722591295244997
Stress year,0.4,0.45,1.0,1.0,0.749849015581592
Stress year,0.4,0.5,1.0,1.0,0.7162378709183879
Stress year,0.4,0.55,1.0,1.0,0.7188146716592181
Stress year,0.4,0.6,1.0,1.0,0.7203607521037162
Stress year,0.45,0.45,1.0,0.9996033713435796,0.7498731730885373
Stress year,0.45,0.5,1.0,0.9998512642538423,0.716245923420703
Stress year,0.45,0.55,1.0,0.9999504214179474,0.7188227241615331
Stress year,0.45,0.6,1.0,1.0,0.7203607521037162
Stress year,0.5,0.5,1.0,0.9994050570153694,0.7162539759230181
Stress year,0.5,0.55,1.0,0.9999008428358949,0.7188468816684784
Stress year,0.5,0.6,1.0,1.0,0.7203607521037162
Stress year,0.55,0.55,1.0,0.9993058998512643,0.7188629866731087
Stress year,0.55,0.6,1.0,0.9998512642538423,0.7203688046060314
Stress year,0.6,0.6,1.0,0.9994546355974219,0.7203768571083464
