pv_kw,batt_kwh,mode,annual_cost,critical_rel,rel_Water pump,rel_Health post,rel_School,rel_Homes,energy_Water pump,energy_Health post,energy_School,energy_Homes
4,10,priority,3569.9090740825486,0.9996577686516085,0.9999452429842574,0.9996577686516085,0.9938522558254834,0.6877481177275838,0.9999452429842574,0.9998037873602555,0.9938522558254833,0.34327446954141005
4,10,equal,3569.9090740825486,0.7871606205795117,0.997700205338809,0.7871606205795117,0.99067922657412,0.6996255586423481,0.9977002053388091,0.9271644231500494,0.9906792265741199,0.35503901437371665
4,20,priority,4161.512284522311,0.9998402920374173,0.9999726214921287,0.9998402920374173,0.9932077342588002,0.7186053065990257,0.9999726214921286,0.9998920069967298,0.9932077342588002,0.4353874058863793
4,20,equal,4161.512284522311,0.8119723933378964,0.9978644763860369,0.8119723933378964,0.9900842835894893,0.7346458912106937,0.9978644763860371,0.9352707430222832,0.9900842835894893,0.45718548939082826
4,30,priority,4753.115494962077,0.9999201460187086,0.9999726214921287,0.9999201460187086,0.9927119484382747,0.7199259169787011,0.9999726214921286,0.9999460034983648,0.9927119484382746,0.4372039698836414
4,30,equal,4753.115494962077,0.8119153547798311,0.997782340862423,0.8119153547798311,0.9892910262766484,0.7346297862060636,0.9977823408624231,0.9351148376302381,0.9892910262766486,0.45816906228610554
4,40,priority,5344.7187054018395,0.9999315537303217,1.0,0.9999315537303217,0.9927615270203273,0.7199259169787011,1.0,0.9999680584074836,0.9927615270203273,0.43716495550992474
4,40,equal,5344.7187054018395,0.8118412046543464,0.9975633127994524,0.8118412046543464,0.9894397620228061,0.7344928936667069,0.9975633127994524,0.935108373260324,0.9894397620228061,0.4581916495550993
4,50,priority,5936.321915841602,0.9999714807209674,1.0,0.9999714807209674,0.99300941993059,0.7198776019648105,1.0,0.9999904935736559,0.9930094199305899,0.4371786447638604
4,50,equal,5936.321915841602,0.8118240930869267,0.9973990417522245,0.8118240930869267,0.9891918691125434,0.7345089986713371,0.9973990417522245,0.9350661647273556,0.9891918691125433,0.45824503764544844
4,60,priority,6527.925126281367,1.0,1.0,1.0,0.99300941993059,0.7198776019648105,1.0,1.0,0.99300941993059,0.43719575633128
4,60,equal,6527.925126281367,0.8119495779146703,0.9977275838466804,0.8119495779146703,0.9891918691125434,0.7346781012199541,0.9977275838466803,0.9351079930032704,0.9891918691125434,0.4582470910335388
4,70,priority,7119.528336721131,1.0,1.0,1.0,0.9926623698562221,0.720006442001852,1.0,1.0,0.9926623698562221,0.4372943189596168
4,70,equal,7119.528336721131,0.811978097193703,0.9975633127994524,0.811978097193703,0.9889439762022806,0.7346861537222692,0.9975633127994524,0.9350536162445814,0.9889439762022805,0.45830595482546216
4,80,priority,7711.131547160894,1.0,1.0,1.0,0.9931085770946951,0.7202319120666747,1.0,1.0,0.993108577094695,0.43740177960301163
4,80,equal,7711.131547160894,0.8119609856262834,0.9976180698151951,0.8119609856262834,0.988894397620228,0.7346378387083786,0.997618069815195,0.9350752908966461,0.988894397620228,0.45832648870636555
4,90,priority,8302.73475760066,1.0,1.0,1.0,0.9929102627664849,0.7199259169787011,1.0,1.0,0.9929102627664848,0.43721629021218344
4,90,equal,8302.73475760066,0.8119039470682181,0.9977275838466804,0.8119039470682181,0.9891918691125434,0.734581471192173,0.9977275838466803,0.9350654042132481,0.9891918691125434,0.45830869267624924
4,100,priority,8894.337968040423,1.0,1.0,1.0,0.9932573128408527,0.7199500744856464,1.0,1.0,0.9932573128408528,0.4372710472279261
4,100,equal,8894.337968040423,0.8120522473191878,0.9975633127994524,0.8120522473191878,0.988894397620228,0.7348230462616258,0.9975633127994522,0.9350783329530764,0.988894397620228,0.45837371663244353
4,110,priority,9485.94117848019,1.0,1.0,1.0,0.9928606841844323,0.7198695494624955,1.0,1.0,0.9928606841844323,0.43723956194387414
4,110,equal,9485.94117848019,0.8120807665982204,0.9974811772758385,0.8120807665982204,0.9883986117997026,0.7348955187824616,0.9974811772758386,0.9349783253479353,0.9883986117997025,0.4584490075290897
4,120,priority,10077.54438891995,1.0,1.0,1.0,0.9933564700049579,0.7200144945041672,1.0,1.0,0.9933564700049579,0.4373340177960302
4,120,equal,10077.54438891995,0.8118868355007985,0.9975085557837098,0.8118868355007985,0.9891918691125434,0.734581471192173,0.9975085557837098,0.9350688265267321,0.9891918691125434,0.4583894592744696
7,10,priority,3898.9100379050547,0.9999828884325804,1.0,0.9999828884325804,0.9987605354486861,0.7207150622055803,1.0,0.9999942961441934,0.9987605354486861,0.3843285420944558
7,10,equal,3898.9100379050547,0.813010495094684,0.9996714579055441,0.813010495094684,0.999107585523054,0.7360631316181503,0.9996714579055441,0.9374785154764621,0.999107585523054,0.4036262833675565
7,20,priority,4490.5132483448215,1.0,1.0,1.0,0.9989092711948439,0.8203003583363531,1.0,1.0,0.998909271194844,0.6383867214236826
7,20,equal,4490.5132483448215,0.8880161989504906,0.9996714579055441,0.8880161989504906,0.9988596926127913,0.8419132745500665,0.9996714579055441,0.9624439120845693,0.9988596926127913,0.6664024640657085
7,30,priority,5082.1164587845815,1.0,1.0,1.0,0.9990580069410014,0.8951725248621009,1.0,1.0,0.9990580069410014,0.8374140999315539
7,30,equal,5082.1164587845815,0.9455795117499429,0.9996440793976729,0.9455795117499429,0.9987605354486861,0.9231791279139993,0.9996440793976729,0.9816043045098488,0.9987605354486861,0.8750643394934977
7,40,priority,5673.719669224344,1.0,1.0,1.0,0.999008428358949,0.9498087530700166,1.0,1.0,0.999008428358949,0.9099637234770706
7,40,equal,5673.719669224344,0.9686287930641113,0.9996988364134155,0.9686287930641113,0.999008428358949,0.9557112372669807,0.9996988364134155,0.9893421552969808,0.999008428358949,0.9200882956878852
7,50,priority,6265.322879664109,1.0,1.0,1.0,0.999107585523054,0.9548979345331562,1.0,1.0,0.999107585523054,0.9189377138945928
7,50,equal,6265.322879664109,0.9717545060460872,0.9997262149212868,0.9717545060460872,0.9989092711948439,0.9601240085356525,0.9997262149212869,0.9903566811164347,0.9989092711948439,0.9275188227241616
7,60,priority,6856.926090103872,1.0,1.0,1.0,0.9995042141794744,0.9575633127994524,1.0,1.0,0.9995042141794744,0.9232655715263519
7,60,equal,6856.926090103872,0.9730835044490075,0.9997809719370294,0.9730835044490075,0.9992067426871591,0.9620243990820148,0.9997809719370295,0.990863563769108,0.9992067426871591,0.9312991101984942
7,70,priority,7448.529300543637,1.0,1.0,1.0,0.9996529499256321,0.9592946007971977,1.0,1.0,0.9996529499256323,0.9263408624229981
7,70,equal,7448.529300543637,0.973979009810632,0.9998083504449008,0.973979009810632,0.9995042141794744,0.9632644844385393,0.9998083504449009,0.9912076964027682,0.9995042141794744,0.9338802190280628
7,80,priority,8040.132510983401,1.0,1.0,1.0,0.999553792761527,0.9603253210935299,1.0,1.0,0.999553792761527,0.9284845995893224
7,80,equal,8040.132510983401,0.9748231804699977,0.9998083504449008,0.9748231804699977,0.9994546355974219,0.9644562547811733,0.9998083504449007,0.9914799604532666,0.9994546355974219,0.9358528405201917
7,90,priority,8631.735721423165,1.0,1.0,1.0,0.9996529499256321,0.9612996738736562,1.0,1.0,0.9996529499256321,0.9302156057494866
7,90,equal,8631.735721423165,0.9753935660506502,0.9998083504449008,0.9753935660506502,0.9994546355974219,0.9652615050126827,0.9998083504449007,0.9916609628108601,0.999454635597422,0.9373949349760439
7,100,priority,9223.338931862929,1.0,1.0,1.0,0.9996033713435796,0.9620082940773845,1.0,1.0,0.9996033713435796,0.9315106091718002
7,100,equal,9223.338931862929,0.9758840976500114,0.9998357289527721,0.9758840976500114,0.9995042141794744,0.965962072714096,0.9998357289527722,0.9918427256825614,0.9995042141794744,0.9386098562628338
7,110,priority,9814.942142302694,1.0,1.0,1.0,0.999553792761527,0.9630551193783469,1.0,1.0,0.999553792761527,0.9330670773442848
7,110,equal,9814.942142302694,0.9764487793748574,0.9997809719370294,0.9764487793748574,0.9993554784333168,0.9667512179409752,0.9997809719370295,0.991994448247015,0.9993554784333168,0.9397378507871321
7,120,priority,10406.545352742458,1.0,1.0,1.0,0.9994546355974219,0.9632644844385393,1.0,1.0,0.999454635597422,0.9338603696098563
7,120,equal,10406.545352742458,0.9767796030116359,0.9998083504449008,0.9767796030116359,0.9994050570153694,0.9672182630752506,0.9998083504449007,0.9921321013004794,0.9994050570153694,0.9406913073237508
10,10,priority,4227.911001727563,1.0,1.0,1.0,0.9993554784333168,0.7337923259652938,1.0,1.0,0.9993554784333167,0.4007727583846681
10,10,equal,4227.911001727563,0.820014830025097,0.9998904859685147,0.820014830025097,0.9995042141794744,0.7459032894471957,0.9998904859685148,0.9399136816487947,0.9995042141794744,0.4181820670773443
10,20,priority,4819.5142121673225,1.0,1.0,1.0,0.9996033713435796,0.8404396666264041,1.0,1.0,0.9996033713435796,0.6664380561259412
10,20,equal,4819.5142121673225,0.9000285192790326,0.9998631074606434,0.9000285192790326,0.9995042141794744,0.8588637919233402,0.9998631074606433,0.9665849114001066,0.9995042141794744,0.6899021218343602
10,30,priority,5411.117422607089,1.0,1.0,1.0,0.9996033713435796,0.9343962636389258,1.0,1.0,0.9996033713435796,0.9141984941820671
10,30,equal,5411.117422607089,0.9769164955509925,0.9998357289527721,0.9769164955509925,0.9994050570153694,0.9674115231308129,0.9998357289527722,0.9921959844855123,0.9994050570153693,0.9565284052019165
10,40,priority,6002.7206330468525,1.0,1.0,1.0,0.9999008428358949,0.9975600917985263,1.0,1.0,0.9999008428358949,0.9959315537303217
10,40,equal,6002.7206330468525,0.9987565594341775,0.9999726214921287,0.9987565594341775,0.9999504214179474,0.9982445544953095,0.9999726214921286,0.999576393642102,0.9999504214179475,0.9969425051334703
10,50,priority,6594.323843486615,1.0,1.0,1.0,0.9999504214179474,0.9990820147360793,1.0,1.0,0.9999504214179475,0.9984161533196441
10,50,equal,6594.323843486615,0.9995094684006388,0.9999452429842574,0.9995094684006388,0.9998512642538423,0.9993074848009019,0.9999452429842574,0.9998091109590084,0.9998512642538423,0.9988124572210815
10,60,priority,7185.927053926379,1.0,1.0,1.0,0.9999504214179474,0.9995973748842453,1.0,1.0,0.9999504214179475,0.9992977412731007
10,60,equal,7185.927053926379,0.9998060689025782,1.0,0.9998060689025782,1.0,0.9997262149212868,1.0,0.9999353563008595,1.0,0.9994640657084188
10,70,priority,7777.5302643661435,1.0,1.0,1.0,1.0,0.9997906349398076,1.0,1.0,1.0,0.9996173853524982
10,70,equal,7777.5302643661435,0.9998973305954826,1.0,0.9998973305954826,1.0,0.9998550549583283,1.0,0.9999657768651609,1.0,0.9997262149212868
10,80,priority,8369.133474805907,1.0,1.0,1.0,1.0,0.9999033699722188,1.0,1.0,1.0,0.9998145106091718
10,80,equal,8369.133474805907,0.9999543691535479,1.0,0.9999543691535479,1.0,0.9999355799814792,1.0,0.9999847897178493,1.0,0.9998822724161534
10,90,priority,8960.736685245673,1.0,1.0,1.0,1.0,0.9999516849861094,1.0,1.0,1.0,0.9999288158795345
10,90,equal,8960.736685245673,0.9999828884325804,1.0,0.9999828884325804,1.0,0.9999758424930547,1.0,0.9999942961441934,1.0,0.9999603011635866
10,100,priority,9552.339895685433,1.0,1.0,1.0,1.0,0.9999919474976849,1.0,1.0,1.0,0.99998083504449
10,100,equal,9552.339895685433,1.0,1.0,1.0,1.0,1.0,1.0,1.0,1.0,1.0
10,110,priority,10143.9431061252,1.0,1.0,1.0,1.0,1.0,1.0,1.0,1.0,1.0
10,110,equal,10143.9431061252,1.0,1.0,1.0,1.0,1.0,1.0,1.0,1.0,1.0
10,120,priority,10735.546316564963,1.0,1.0,1.0,1.0,1.0,1.0,1.0,1.0,1.0
10,120,equal,10735.546316564963,1.0,1.0,1.0,1.0,1.0,1.0,1.0,1.0,1.0
13,10,priority,4556.911965550066,1.0,1.0,1.0,0.9998016856717898,0.7432540161855297,1.0,1.0,0.9998016856717897,0.4130554414784394
13,10,equal,4556.911965550066,0.8234827743554642,0.9999452429842574,0.8234827743554642,0.9998016856717898,0.7507992108547731,0.9999452429842574,0.9411244201079931,0.9998016856717897,0.42740041067761814
13,20,priority,5148.51517598983,1.0,1.0,1.0,0.9997521070897373,0.8491605266336514,1.0,1.0,0.9997521070897373,0.6776981519507187
13,20,equal,5148.51517598983,0.9047741273100616,0.9999726214921287,0.9047741273100616,0.9997025285076847,0.8655634738494987,0.9999726214921286,0.9682032854209445,0.9997025285076847,0.6997549623545518
13,30,priority,5740.118386429594,1.0,1.0,1.0,0.9999008428358949,0.9494061279542618,1.0,1.0,0.9999008428358949,0.9350691307323752
13,30,equal,5740.118386429594,0.9851642710472279,0.9999178644763861,0.9851642710472279,0.9996529499256321,0.9790554414784394,0.9999178644763862,0.9949908738307095,0.9996529499256323,0.9728459958932238
13,40,priority,6331.72159686936,1.0,1.0,1.0,1.0,0.9994202198333132,1.0,1.0,1.0,0.9990088980150581
13,40,equal,6331.72159686936,0.9996862879306411,0.9999726214921287,0.9996862879306411,0.9999008428358949,0.9995571123726698,0.9999726214921286,0.9998771769716329,0.9999008428358949,0.9992203969883643
13,50,priority,6923.324807309122,1.0,1.0,1.0,1.0,0.9997986874421226,1.0,1.0,1.0,0.9996276522929501
13,50,equal,6923.324807309122,0.999880219028063,1.0,0.999880219028063,1.0,0.999830897451383,1.0,0.9999600730093543,1.0,0.9997043121149898
13,60,priority,7514.928017748887,1.0,1.0,1.0,1.0,0.9999194749768491,1.0,1.0,1.0,0.9998350444900753
13,60,equal,7514.928017748887,0.9999543691535479,1.0,0.9999543691535479,1.0,0.9999355799814792,1.0,0.9999847897178492,1.0,0.9998822724161534
13,70,priority,8106.53122818865,1.0,1.0,1.0,1.0,0.9999677899907397,1.0,1.0,1.0,0.9999500342231348
13,70,equal,8106.53122818865,0.999988592288387,1.0,0.999988592288387,1.0,0.9999838949953698,1.0,0.9999961974294623,1.0,0.9999794661190965
13,80,priority,8698.134438628415,1.0,1.0,1.0,1.0,1.0,1.0,1.0,1.0,1.0
13,80,equal,8698.134438628415,1.0,1.0,1.0,1.0,1.0,1.0,1.0,1.0,1.0
13,90,priority,9289.737649068178,1.0,1.0,1.0,1.0,1.0,1.0,1.0,1.0,1.0
13,90,equal,9289.737649068178,1.0,1.0,1.0,1.0,1.0,1.0,1.0,1.0,1.0
13,100,priority,9881.340859507944,1.0,1.0,1.0,1.0,1.0,1.0,1.0,1.0,1.0
13,100,equal,9881.340859507944,1.0,1.0,1.0,1.0,1.0,1.0,1.0,1.0,1.0
13,110,priority,10472.944069947704,1.0,1.0,1.0,1.0,1.0,1.0,1.0,1.0,1.0
13,110,equal,10472.944069947704,1.0,1.0,1.0,1.0,1.0,1.0,1.0,1.0,1.0
13,120,priority,11064.54728038747,1.0,1.0,1.0,1.0,1.0,1.0,1.0,1.0,1.0
13,120,equal,11064.54728038747,1.0,1.0,1.0,1.0,1.0,1.0,1.0,1.0,1.0
16,10,priority,4885.9129293725755,1.0,1.0,1.0,1.0,0.7479566775375448,1.0,1.0,1.0,0.4202409308692676
16,10,equal,4885.9129293725755,0.8263917408167921,0.9999726214921287,0.8263917408167921,0.9999504214179474,0.7549059870354713,0.9999726214921286,0.9421214541029737,0.9999504214179475,0.43601984941820676
16,20,priority,5477.516139812338,1.0,1.0,1.0,0.9999008428358949,0.8550227483190401,1.0,1.0,0.9999008428358949,0.6851670088980152
16,20,equal,5477.516139812338,0.9075576089436459,1.0,0.9075576089436459,0.9999504214179474,0.8694930949792649,1.0,0.9691767434785916,0.9999504214179475,0.7065749486652979
16,30,priority,6069.119350252101,1.0,1.0,1.0,1.0,0.9583846680355921,1.0,1.0,1.0,0.9467693360711841
16,30,equal,6069.119350252101,0.988672142368241,0.9999726214921287,0.988672142368241,0.9999008428358949,0.9840077304022224,0.9999726214921286,0.9962057951174995,0.9999008428358949,0.9794394250513349
16,40,priority,6660.722560691868,1.0,1.0,1.0,1.0,0.9997745299351773,1.0,1.0,1.0,0.9996050650239563
16,40,equal,6660.722560691868,0.9998859228838695,1.0,0.9998859228838695,1.0,0.9998389499536982,1.0,0.9999619742946232,1.0,0.999696783025325
16,50,priority,7252.32577113163,1.0,1.0,1.0,1.0,0.9999033699722188,1.0,1.0,1.0,0.9998412046543463
16,50,equal,7252.32577113163,0.9999543691535479,1.0,0.9999543691535479,1.0,0.9999355799814792,1.0,0.9999847897178493,1.0,0.9998911704312116
16,60,priority,7843.928981571393,1.0,1.0,1.0,1.0,0.9999919474976849,1.0,1.0,1.0,0.99998083504449
16,60,equal,7843.928981571393,0.9999942961441934,1.0,0.9999942961441934,1.0,0.9999919474976849,1.0,0.9999980987147312,1.0,0.9999897330595483
16,70,priority,8435.532192011162,1.0,1.0,1.0,1.0,1.0,1.0,1.0,1.0,1.0
16,70,equal,8435.532192011162,1.0,1.0,1.0,1.0,1.0,1.0,1.0,1.0,1.0
16,80,priority,9027.135402450918,1.0,1.0,1.0,1.0,1.0,1.0,1.0,1.0,1.0
16,80,equal,9027.135402450918,1.0,1.0,1.0,1.0,1.0,1.0,1.0,1.0,1.0
16,90,priority,9618.73861289069,1.0,1.0,1.0,1.0,1.0,1.0,1.0,1.0,1.0
16,90,equal,9618.73861289069,1.0,1.0,1.0,1.0,1.0,1.0,1.0,1.0,1.0
16,100,priority,10210.341823330451,1.0,1.0,1.0,1.0,1.0,1.0,1.0,1.0,1.0
16,100,equal,10210.341823330451,1.0,1.0,1.0,1.0,1.0,1.0,1.0,1.0,1.0
16,110,priority,10801.945033770215,1.0,1.0,1.0,1.0,1.0,1.0,1.0,1.0,1.0
16,110,equal,10801.945033770215,1.0,1.0,1.0,1.0,1.0,1.0,1.0,1.0,1.0
16,120,priority,11393.548244209975,1.0,1.0,1.0,1.0,1.0,1.0,1.0,1.0,1.0
16,120,equal,11393.548244209975,1.0,1.0,1.0,1.0,1.0,1.0,1.0,1.0,1.0
19,10,priority,5214.91389319508,1.0,1.0,1.0,1.0,0.7512501509844184,1.0,1.0,1.0,0.42592060232717316
19,10,equal,5214.91389319508,0.8293634496919918,1.0,0.8293634496919918,1.0,0.7591013407416355,1.0,0.9431211498973306,1.0,0.4441902806297057
19,20,priority,5806.517103634845,1.0,1.0,1.0,1.0,0.8579780166686798,1.0,1.0,1.0,0.6889801505817935
19,20,equal,5806.517103634845,0.9095767738991558,0.9999726214921287,0.9095767738991558,0.9999504214179474,0.8723436807988082,0.9999726214921286,0.9698497984637614,0.9999504214179475,0.7126475017111568
19,30,priority,6398.120314074608,1.0,1.0,1.0,1.0,0.9628618593227846,1.0,1.0,1.0,0.9525420944558521
19,30,equal,6398.120314074608,0.990942276979238,1.0,0.990942276979238,0.9999504214179474,0.98721262632363,1.0,0.9969716328237888,0.9999504214179475,0.9835975359342917
19,40,priority,6989.723524514373,1.0,1.0,1.0,1.0,0.9998953174699038,1.0,1.0,1.0,0.9998042436687201
19,40,equal,6989.723524514373,0.9999429614419347,1.0,0.9999429614419347,0.9999504214179474,0.9999194749768491,1.0,0.999971860978021,0.9999504214179475,0.999861054072553
19,50,priority,7581.326734954136,1.0,1.0,1.0,1.0,0.9999597374884245,1.0,1.0,1.0,0.999930869267625
19,50,equal,7581.326734954136,0.9999828884325804,1.0,0.9999828884325804,1.0,0.9999758424930547,1.0,0.9999942961441934,1.0,0.9999603011635866
19,60,priority,8172.929945393901,1.0,1.0,1.0,1.0,1.0,1.0,1.0,1.0,1.0
19,60,equal,8172.929945393901,1.0,1.0,1.0,1.0,1.0,1.0,1.0,1.0,1.0
19,70,priority,8764.533155833664,1.0,1.0,1.0,1.0,1.0,1.0,1.0,1.0,1.0
19,70,equal,8764.533155833664,1.0,1.0,1.0,1.0,1.0,1.0,1.0,1.0,1.0
19,80,priority,9356.136366273427,1.0,1.0,1.0,1.0,1.0,1.0,1.0,1.0,1.0
19,80,equal,9356.136366273427,1.0,1.0,1.0,1.0,1.0,1.0,1.0,1.0,1.0
19,90,priority,9947.739576713193,1.0,1.0,1.0,1.0,1.0,1.0,1.0,1.0,1.0
19,90,equal,9947.739576713193,1.0,1.0,1.0,1.0,1.0,1.0,1.0,1.0,1.0
19,100,priority,10539.342787152955,1.0,1.0,1.0,1.0,1.0,1.0,1.0,1.0,1.0
19,100,equal,10539.342787152955,1.0,1.0,1.0,1.0,1.0,1.0,1.0,1.0,1.0
19,110,priority,11130.945997592715,1.0,1.0,1.0,1.0,1.0,1.0,1.0,1.0,1.0
19,110,equal,11130.945997592715,1.0,1.0,1.0,1.0,1.0,1.0,1.0,1.0,1.0
19,120,priority,11722.549208032482,1.0,1.0,1.0,1.0,1.0,1.0,1.0,1.0,1.0
19,120,equal,11722.549208032482,1.0,1.0,1.0,1.0,1.0,1.0,1.0,1.0,1.0
22,10,priority,5543.914857017587,1.0,1.0,1.0,1.0,0.7535370616419053,1.0,1.0,1.0,0.43084873374401106
22,10,equal,5543.914857017587,0.8318560346794434,1.0,0.8318560346794434,1.0,0.7626202842533317,1.0,0.9439520115598146,1.0,0.4507946611909651
22,20,priority,6135.518067457351,1.0,1.0,1.0,1.0,0.8593066795506704,1.0,1.0,1.0,0.6909869952087613
22,20,equal,6135.518067457351,0.9121263974446726,1.0,0.9121263974446726,1.0,0.8759431493336555,1.0,0.9707087991482243,1.0,0.719720054757016
22,30,priority,6727.121277897114,1.0,1.0,1.0,1.0,0.965293715021943,1.0,1.0,1.0,0.9556960985626283
22,30,equal,6727.121277897114,0.9927903262605521,1.0,0.9927903262605521,1.0,0.9898216370737206,1.0,0.9975967754201841,1.0,0.9869603011635866
22,40,priority,7318.724488336878,1.0,1.0,1.0,1.0,0.9999436324837944,1.0,1.0,1.0,0.9998925393566052
22,40,equal,7318.724488336878,0.9999714807209674,1.0,0.9999714807209674,1.0,0.9999597374884245,1.0,0.9999904935736559,1.0,0.9999130732375086
22,50,priority,7910.327698776642,1.0,1.0,1.0,1.0,0.9999758424930547,1.0,1.0,1.0,0.9999603011635866
22,50,equal,7910.327698776642,0.9999942961441934,1.0,0.9999942961441934,1.0,0.9999919474976849,1.0,0.9999980987147312,1.0,0.9999897330595483
22,60,priority,8501.930909216406,1.0,1.0,1.0,1.0,1.0,1.0,1.0,1.0,1.0
22,60,equal,8501.930909216406,1.0,1.0,1.0,1.0,1.0,1.0,1.0,1.0,1.0
22,70,priority,9093.534119656173,1.0,1.0,1.0,1.0,1.0,1.0,1.0,1.0,1.0
22,70,equal,9093.534119656173,1.0,1.0,1.0,1.0,1.0,1.0,1.0,1.0,1.0
22,80,priority,9685.137330095933,1.0,1.0,1.0,1.0,1.0,1.0,1.0,1.0,1.0
22,80,equal,9685.137330095933,1.0,1.0,1.0,1.0,1.0,1.0,1.0,1.0,1.0
22,90,priority,10276.7405405357,1.0,1.0,1.0,1.0,1.0,1.0,1.0,1.0,1.0
22,90,equal,10276.7405405357,1.0,1.0,1.0,1.0,1.0,1.0,1.0,1.0,1.0
22,100,priority,10868.343750975462,1.0,1.0,1.0,1.0,1.0,1.0,1.0,1.0,1.0
22,100,equal,10868.343750975462,1.0,1.0,1.0,1.0,1.0,1.0,1.0,1.0,1.0
22,110,priority,11459.946961415224,1.0,1.0,1.0,1.0,1.0,1.0,1.0,1.0,1.0
22,110,equal,11459.946961415224,1.0,1.0,1.0,1.0,1.0,1.0,1.0,1.0,1.0
22,120,priority,12051.550171854991,1.0,1.0,1.0,1.0,1.0,1.0,1.0,1.0,1.0
22,120,equal,12051.550171854991,1.0,1.0,1.0,1.0,1.0,1.0,1.0,1.0,1.0
25,10,priority,5872.915820840096,1.0,1.0,1.0,1.0,0.7565245400008053,1.0,1.0,1.0,0.4368562628336756
25,10,equal,5872.915820840096,0.833709787816564,1.0,0.833709787816564,1.0,0.7652373475057374,1.0,0.944569929272188,1.0,0.4560266940451746
25,20,priority,6464.519031279856,1.0,1.0,1.0,1.0,0.8598945122196723,1.0,1.0,1.0,0.6924414784394252
25,20,equal,6464.519031279856,0.9144421629021219,1.0,0.9144421629021219,1.0,0.8792124652735838,1.0,0.9714807209673739,1.0,0.7260506502395622
25,30,priority,7056.122241719622,1.0,1.0,1.0,1.0,0.9669686355034827,1.0,1.0,1.0,0.9578405201916496
25,30,equal,7056.122241719622,0.9948551220625143,1.0,0.9948551220625143,1.0,0.9927366429117849,1.0,0.9982850406875047,1.0,0.9906947296372348
25,40,priority,7647.725452159386,1.0,1.0,1.0,1.0,0.9999516849861094,1.0,1.0,1.0,0.9999117043121151
25,40,equal,7647.725452159386,0.9999714807209674,1.0,0.9999714807209674,1.0,0.9999597374884245,1.0,0.9999904935736559,1.0,0.999930869267625
25,50,priority,8239.328662599151,1.0,1.0,1.0,1.0,0.9999919474976849,1.0,1.0,1.0,0.9999897330595483
25,50,equal,8239.328662599151,1.0,1.0,1.0,1.0,1.0,1.0,1.0,1.0,1.0
25,60,priority,8830.931873038913,1.0,1.0,1.0,1.0,1.0,1.0,1.0,1.0,1.0
25,60,equal,8830.931873038913,1.0,1.0,1.0,1.0,1.0,1.0,1.0,1.0,1.0
25,70,priority,9422.535083478679,1.0,1.0,1.0,1.0,1.0,1.0,1.0,1.0,1.0
25,70,equal,9422.535083478679,1.0,1.0,1.0,1.0,1.0,1.0,1.0,1.0,1.0
25,80,priority,10014.138293918444,1.0,1.0,1.0,1.0,1.0,1.0,1.0,1.0,1.0
25,80,equal,10014.138293918444,1.0,1.0,1.0,1.0,1.0,1.0,1.0,1.0,1.0
25,90,priority,10605.741504358206,1.0,1.0,1.0,1.0,1.0,1.0,1.0,1.0,1.0
25,90,equal,10605.741504358206,1.0,1.0,1.0,1.0,1.0,1.0,1.0,1.0,1.0
25,100,priority,11197.344714797968,1.0,1.0,1.0,1.0,1.0,1.0,1.0,1.0,1.0
25,100,equal,11197.344714797968,1.0,1.0,1.0,1.0,1.0,1.0,1.0,1.0,1.0
25,110,priority,11788.94792523773,1.0,1.0,1.0,1.0,1.0,1.0,1.0,1.0,1.0
25,110,equal,11788.94792523773,1.0,1.0,1.0,1.0,1.0,1.0,1.0,1.0,1.0
25,120,priority,12380.551135677491,1.0,1.0,1.0,1.0,1.0,1.0,1.0,1.0,1.0
25,120,equal,12380.551135677491,1.0,1.0,1.0,1.0,1.0,1.0,1.0,1.0,1.0
28,10,priority,6201.916784662599,1.0,1.0,1.0,1.0,0.7598260659499939,1.0,1.0,1.0,0.4428275154004107
28,10,equal,6201.916784662599,0.8350045630846452,1.0,0.8350045630846452,1.0,0.7670652655312639,1.0,0.9450015210282152,1.0,0.45972758384668044
28,20,priority,6793.519995102364,1.0,1.0,1.0,1.0,0.8602890848331118,1.0,1.0,1.0,0.6938172484599591
28,20,equal,6793.519995102364,0.9163301391740817,1.0,0.9163301391740817,1.0,0.88187784353988,1.0,0.9721100463913606,1.0,0.7312286105407256
28,30,priority,7385.123205542131,1.0,1.0,1.0,1.0,0.9680476708137054,1.0,1.0,1.0,0.9592251882272417
28,30,equal,7385.123205542131,0.9967088751996349,1.0,0.9967088751996349,1.0,0.9953537061641905,1.0,0.9989029583998784,1.0,0.9940403832991103
28,40,priority,7976.7264159818915,1.0,1.0,1.0,1.0,0.9999758424930547,1.0,1.0,1.0,0.9999514031485285
28,40,equal,7976.7264159818915,0.999988592288387,1.0,0.999988592288387,1.0,0.9999838949953698,1.0,0.9999961974294622,1.0,0.9999705681040383
28,50,priority,8568.329626421655,1.0,1.0,1.0,1.0,1.0,1.0,1.0,1.0,1.0
28,50,equal,8568.329626421655,1.0,1.0,1.0,1.0,1.0,1.0,1.0,1.0,1.0
28,60,priority,9159.932836861417,1.0,1.0,1.0,1.0,1.0,1.0,1.0,1.0,1.0
28,60,equal,9159.932836861417,1.0,1.0,1.0,1.0,1.0,1.0,1.0,1.0,1.0
28,70,priority,9751.536047301188,1.0,1.0,1.0,1.0,1.0,1.0,1.0,1.0,1.0
28,70,equal,9751.536047301188,1.0,1.0,1.0,1.0,1.0,1.0,1.0,1.0,1.0
28,80,priority,10343.139257740948,1.0,1.0,1.0,1.0,1.0,1.0,1.0,1.0,1.0
28,80,equal,10343.139257740948,1.0,1.0,1.0,1.0,1.0,1.0,1.0,1.0,1.0
28,90,priority,10934.742468180713,1.0,1.0,1.0,1.0,1.0,1.0,1.0,1.0,1.0
28,90,equal,10934.742468180713,1.0,1.0,1.0,1.0,1.0,1.0,1.0,1.0,1.0
28,100,priority,11526.345678620473,1.0,1.0,1.0,1.0,1.0,1.0,1.0,1.0,1.0
28,100,equal,11526.345678620473,1.0,1.0,1.0,1.0,1.0,1.0,1.0,1.0,1.0
28,110,priority,12117.948889060237,1.0,1.0,1.0,1.0,1.0,1.0,1.0,1.0,1.0
28,110,equal,12117.948889060237,1.0,1.0,1.0,1.0,1.0,1.0,1.0,1.0,1.0
28,120,priority,12709.5520995,1.0,1.0,1.0,1.0,1.0,1.0,1.0,1.0,1.0
28,120,equal,12709.5520995,1.0,1.0,1.0,1.0,1.0,1.0,1.0,1.0,1.0
31,10,priority,6530.917748485107,1.0,1.0,1.0,1.0,0.7625317067278656,1.0,1.0,1.0,0.4480568104038331
31,10,equal,6530.917748485107,0.8362879306411134,1.0,0.8362879306411134,1.0,0.76887707855216,1.0,0.9454293102137046,1.0,0.4632566735112937
31,20,priority,7122.520958924872,1.0,1.0,1.0,1.0,0.8606272899303459,1.0,1.0,1.0,0.6951204654346338
31,20,equal,7122.520958924872,0.9176933607118412,1.0,0.9176933607118412,1.0,0.8838023915931876,1.0,0.9725644535706137,1.0,0.7351238877481178
31,30,priority,7714.1241693646325,1.0,1.0,1.0,1.0,0.968957603575311,1.0,1.0,1.0,0.9604031485284052
31,30,equal,7714.1241693646325,0.9980093543235227,1.0,0.9980093543235227,1.0,0.9971896766920321,1.0,0.9993364514411743,1.0,0.9963990417522245
31,40,priority,8305.727379804404,1.0,1.0,1.0,1.0,0.9999758424930547,1.0,1.0,1.0,0.9999691991786448
31,40,equal,8305.727379804404,0.9999942961441934,1.0,0.9999942961441934,1.0,0.9999919474976849,1.0,0.9999980987147312,1.0,0.9999897330595483
31,50,priority,8897.330590244163,1.0,1.0,1.0,1.0,1.0,1.0,1.0,1.0,1.0
31,50,equal,8897.330590244163,1.0,1.0,1.0,1.0,1.0,1.0,1.0,1.0,1.0
31,60,priority,9488.933800683926,1.0,1.0,1.0,1.0,1.0,1.0,1.0,1.0,1.0
31,60,equal,9488.933800683926,1.0,1.0,1.0,1.0,1.0,1.0,1.0,1.0,1.0
31,70,priority,10080.537011123692,1.0,1.0,1.0,1.0,1.0,1.0,1.0,1.0,1.0
31,70,equal,10080.537011123692,1.0,1.0,1.0,1.0,1.0,1.0,1.0,1.0,1.0
31,80,priority,10672.140221563452,1.0,1.0,1.0,1.0,1.0,1.0,1.0,1.0,1.0
31,80,equal,10672.140221563452,1.0,1.0,1.0,1.0,1.0,1.0,1.0,1.0,1.0
31,90,priority,11263.743432003219,1.0,1.0,1.0,1.0,1.0,1.0,1.0,1.0,1.0
31,90,equal,11263.743432003219,1.0,1.0,1.0,1.0,1.0,1.0,1.0,1.0,1.0
31,100,priority,11855.346642442983,1.0,1.0,1.0,1.0,1.0,1.0,1.0,1.0,1.0
31,100,equal,11855.346642442983,1.0,1.0,1.0,1.0,1.0,1.0,1.0,1.0,1.0
31,110,priority,12446.949852882744,1.0,1.0,1.0,1.0,1.0,1.0,1.0,1.0,1.0
31,110,equal,12446.949852882744,1.0,1.0,1.0,1.0,1.0,1.0,1.0,1.0,1.0
31,120,priority,13038.553063322508,1.0,1.0,1.0,1.0,1.0,1.0,1.0,1.0,1.0
31,120,equal,13038.553063322508,1.0,1.0,1.0,1.0,1.0,1.0,1.0,1.0,1.0
